copy_key,english,spanish
location.show.imports,Imports ({{year}}),Importaciones ({{year}})
downloads.other_head,Other data (DANE),Otros datos (DANE)
ctas.download,Download this data,Descargue estos datos
graph_builder.table.export_rca,Revealed comparative advantage,Ventaja comparativa revelada
graph_builder.page_title.product.locations.import_value,What places in Colombia import this product?,¿Qué lugares en Colombia importan este producto?
graph_builder.page_title.location.locations.export_subregions_products,What subregions contribute to the exports of {{item}} from {{thisLevel}}?,¿Cómo se descomponen por lugar de origen las exportaciones de {{item}} de {{thisLevel}}?
general.similarity,Similarity space,Espacio similitud
general.locations,Locations,Lugares
about.glossary_name,Glossary,Glosario
graph_builder.page_title.location.products.import_value,What products does {{thisLevel}} import?,¿Qué productos importa {{thisLevel}}?
ctas.export,Export,Exportar
graph_builder.table.export_value,"Exports, USD","Exportaciones, USD"
graph_builder.builder_mod_header.industry.locations.employment,Total employment,Empleo total
general.location,location,lugar
country.show.export_complexity_possibilities,Export Complexity and Possibilities,Complejidad Exportadora y Posibilidades de Exportación
general.total,Total,Totales
graph_builder.table.name,Name,Nombre
graph_builder.page_title.location.locations.export_to,What countries does {{thisLevel}} export {{item}} to?,¿A qué países {{thisLevel}} exporta {{item}}?
index.industry_q2,What occupations does the chemical industry employ?,¿Qué ocupaciones demanda la industria química?
graph_builder.recirc.header,Read the profile for this {{entity}},Lea el perfil de este  {{entity}}
index.industry_head,Learn about an industry,Entérese de una industria
graph_builder.builder_nav.header,More graphs for this {{entity}},Más gráficos para este {{entity}}
location.show.overview,Overview,Visión de conjunto
pageheader.profile_link,Profile,Perfil
index.product_head,Learn about an export,Aprenda sobre un producto de exportación
index.builder_cta,Build graphs about coffee,Explore las gráficas sobre el café
country.show.industry_complex,Industry complexity,Complejidad Productiva
country.show.total,Total,Totales
location.show.bullet.gdp_grow_rate,"The GDP growth rate between {{yearRange}} was {{gdpGrowth}}, compared to 5.3% for Colombia","La tasa de crecimiento del PIB entre {{yearRange}} fue {{gdpGrowth}}, comparada con 5,3% para toda Colombia"
country.show.export_complexity_possibilities.copy.p3,,"Los puntos que aparecen destacados representan productos que Colombia exporta en cantidades relativamente importantes (más exactamente, con ventaja comparativa revelada mayor de uno, véase el Glosario). Los colores representan grupos de productos (son los mismos colores usados para los sectores correspondientes en el espacio de similitud tecnológica presentado arriba). El gráfico que aparece más abajo, junto con el cuadro que lo acompaña, indica qué productos ofrecen las mejores posibilidades para Colombia, dadas las capacidades productivas que ya tiene el país y que tan ‘distantes’ son esas capacidades de las que requieren para exportar otras cosas. "
industry.show.employment_and_wages,Employment and wages,Actividad económica formal por sectores
graph_builder.page_title.location.industries.similarity,What does the industry space look like for {{thisLevel}}?,¿Cómo es el espacio de los sectores de {{thisLevel}}?
pageheader.about,About,¿Quiénes somos?
graph_builder.builder_questions.occupation,Questions: Occupations,Preguntas: Ocupaciones
graph_builder.page_title.location.locations.import_subregions,What subregions contribute to the imports for {{thisLevel}}?,¿Cómo se descomponen por lugar de origen las importaciones de {{thisLevel}}?
graph_builder.change_graph.geo_description,Map the data,Mapea los datos
graph_builder.table.export_num_plants,Firms,Empresas
country.show.export_complexity_possibilities.copy.p2,"The highlighted nodes represent the products that Colombia exports in relatively large amounts (more precisely, with revealed comparative advantage higher than one, see the Glossary). Colors represent product groupings (which match the colors used in the industry technological space shown above). The figure further below and the accompanying table show what export products offer the best possibilities for Colombia, given the capabilities the country already has and how ‘distant’ are those capabilities to the ones needed for each product.","El ‘Espacio del Producto’ que se presenta enseguida es una representación gráfica de la similitud tecnológica entre todos los productos de exportación, según los patrones de exportación de todos los países. Cada punto o nodo representa un producto; los nodos conectados entre sí requieren capacidades productivas semejantes. Los productos que están más conectados tienden a agruparse en el centro de la red, lo cual implica que las capacidades que ellos usan pueden ser utilizadas en la producción de muchos otros productos."
graph_builder.page_title.product.cities.import_value,What cities in Colombia import this product?,
graph_builder.page_title.location.locations.import_from,What countries does {{thisLevel}} import from?,¿De qué países importa {{thisLevel}}?
search.level.division,ISIC two-digit,CIIU 2-dígitos
country.show.export_complexity_possibilities.copy.p1,"The concept of export complexity is similar to that of industry complexity introduced above. It has been found that countries that export products that are relatively complex for their level of economic development tend to grow faster than countries that export relatively simple products. Based on the complexity of its export basket in 2013, Colombia ranks 53rd among 124 countries and is predicted to grow at an annual rate of 3.3% in the period 2013-2023 based on its economic complexity.","El concepto de complejidad exportadora es análogo al de complejidad productiva presentado arriba. Se ha comprobado que los países que exportan productos que son relativamente complejos con respecto a su nivel de desarrollo tienden a crecer más rápido que los países que exportan bienes relativamente simples. Según la complejidad de su canasta exportadora en 2013, Colombia ocupa el puesto 53 entre 124 países. La tasa de crecimiento proyectada para Colombia con base en su complejidad y su nivel de desarrollo es 3,3% por año en el período 2013-2023."
pageheader.search_placeholder,"Search for a location, product or industry","Busque el lugar, producto o sector"
graph_builder.table.less_than_5,Less than 5,Menos de 5
ctas.csv,CSV,CSV
index.complexity_figure.head,"Contribution to variance in economic growth, percentage (10-year)","Percentage contribution to variance in economic growth, 10-year"
downloads.occupations_row_1,Job vacancies and entry wages (2014),Vacantes laborales y salarios de entrada (2014)
graph_builder.page_title.location.industries.employment,What industries in {{thisLevel}} employ the most people?,¿Qué sectores generan más empleo en {{thisLevel}}?
graph_builder.page_title.location.locations.export_subregions_locations,What subregions contribute to the exports from {{thisLevel}} to {{place}}?,¿Cómo se descomponen por lugar de origen las exportaciones de {{thisLevel}} a {{place}}?
index.complexity_head,The complexity advantage,La ventaja de la complejidad
location.show.bullet.gdp_pc,"{{name}} has a GDP per capita of {{lastGdpPerCapita}}, compared to Col$15.1 M for Colombia","El PIB per capita de {{name}} es {{lastGdpPerCapita}}, comparado con Col$15,1 mill para toda Colombia (año 2013)."
graph_builder.search.placeholder,Highlight {{entity}} on the graph below,Destaque {{entity}} en el gráfico siguiente
country.show.economic_structure,Economic Structure,Estructura Económica
index.location_q1,What industries in Bogotá employ the most people?,¿Qué industrias emplean más gente en Bogotá?
location.show.export_possiblities.intro,"We’ve found that countries which export complex products grow faster than those which export simple products. Using the similarity space we built in the section above, we’ve highlighted  high potential products for {{name}}, ranked by which have the highest combination of opportunity and complexity.","Hemos encontrado que los países que exportan productos más complejos crecen más rápido. Usando el ""espacio del producto"" presentado arriba, estamos destacando productos de alto potencial para {{name}}, ordenados por las mejores combinaciones de complejidad actual y complejidad potencial."
search.intro,"Search for the location, product, industry or occupation that you’re interested in.","Busque el lugar, producto, sector u ocupación que le interese"
general.scatter,Scatterplot,Gráfico de dispersión
graph_builder.page_title.location.industries.scatter,What industries have the most potential for {{thisLevel}}?,¿Qué sectores relativamente complejos y que ayuden a elevar la complejidad podrían desarrollarse más en {{thisLevel}}?
graph_builder.table.wages,"Total wages, Col$ (in thousands)","Salarios totales pagados, Col$ (miles de pesos)"
ctas.png,PNG,PNG
graph_builder.builder_mod_header.industry.locations.wages,"Total wages, Col$","Salarios totales, Col$"
search.level.class,ISIC four-digit,CIIU 4-dígitos
graph_builder.builder_mod_header.location.industries.wages,Total wages,Salarios totales
index.header_head,You haven’t seen Colombia like this before,Colombia como usted nunca la ha visto
graph_builder.builder_questions.location,Questions: Locations,Preguntas: Lugares
ctas.facebook,Facebook,Facebook
downloads.occupations_head,Occupations data,Datos de ocupaciones
graph_builder.table.read_more,Unfamiliar with any of the indicators above? Find definitions in our ,¿No reconoces alguno de los indicadores anteriores? Encuentra las definiciones en nuestro 
general.treemap,Treemap,Gráfico de composición
country.show.employment_wage_occupation,"Formal Employment, Occupations and Wages","Empleo Formal, Ocupaciones y Salarios"
general.product,product,producto
graph_builder.page_title.industry.departments.employment,Where in Colombia does this industry employ the most people?,¿Qué lugares en Colombia ocupan más gente en este sector?
downloads.other_row_1,GDP and demographic variables,El PIB y variables demográficas
pageheader.download,Download the data,Descargue los datos
graph_builder.page_title.location.locations.export_subregions,What subregions contribute to the exports from {{thisLevel}}?,¿Cómo se descomponen por lugar de origen las exportaciones de {{thisLevel}}?
pageheader.graph_builder_link,Graph Builder,Graficador
index.future_head,To map the future,Para avizorar el futuro
country.show.industry_space,Industry Space,Espacio de los sectores
downloads.trade_head,Trade data (DIAN),Datos de exportaciones e importaciones (DIAN)
graph_builder.builder_mod_header.location.industries.similarity,Complexity and opportunity,Complejidad y valor estratégico
graph_builder.table.export,Export,Exportación
country.show.economic_structure.copy.p1,"With a population of 48.1 million (as of May 2015), Colombia is the third largest country in Latin America. Its total GDP in 2014 was Col$756,152 billion, or US$377.9 billion at the average exchange rate (1 US dollar = 2000.6 Colombian pesos). In 2014, income per capita reached Col$15,864,953 or US$7,930. Yearly economic growth since 2008 has averaged 4.3% (or 3.1% in per capita terms).","Con una población de 48,1 millones (a mayo 2015), Colombia es el tercer país más grande de América Latina. Su PIB total en 2014 fue Col $756.152 miles de millones, o US$377,9 miles de millones a la tasa de cambio promedio (1 US dólar = 2000,6 pesos colombianos). En 2014, se alcanzó un nivel de ingreso per cápita de Col $15.864.953 o US$7.930. La tasa de crecimiento desde 2008 ha sido en promedio 4.3% (o 3.1% por persona). "
graph_builder.page_title.location.products.scatter,What products have the most potential for {{thisLevel}}?,¿Qué productos tienen el mayor potencial para {{thisLevel}}?
downloads.cta_na,Not available,No disponible
general.occupation,occupation,ocupación
country.show.gdp,"Col $15,864,953",Col $15.864.953
industry.show.value,Value,Valor
graph_builder.builder_mod_header.location.industries.scatter,Complexity and opportunity,Complejidad y valor estratégico
graph_builder.page_title.industry.departments.wages,Where in Colombia does this industry pay the highest total wages?,¿Qué lugares en Colombia pagan más salarios en total en este sector?
location.show.exports,Exports ({{year}}),Exportaciones ({{year}})
index.colombia_profile,Read the profile for Colombia,Lea el perfil de Colombia
general.occupations,Occupations,Ocupaciónes
country.show.exports.copy.p1,"Colombia exported US$54.8 billion dollars in 2014, down from $58.8 billion in 2013 and $60.1 billion in 2012. Its main export partners are the United States, Venezuela, Ecuador and Peru. In 2014, mining products (of which oil, coal and nickel are the largest items) comprised 59.3% of total merchandise exports, manufactured goods contributed 35.6%, and agricultural products totaled 4.6% of exports. The following graphs provide further details.","Colombia exportó US$54,8 miles de millones en 2014, comparado con $58,8 miles de millones en 2013 y $60,1 miles de millones en 2012. Sus principales destinos de exportación son los Estados Unidos, Venezuela, Ecuador y Perú. En 2014, los productos mineros (entre los cuales, petróleo, carbón y ferroníquel son los más importantes) representaron 59,3% de las exportaciones totales de bienes; los productos manufacturados 35,6%, y los productos agrícolas 4,6%. Los siguientes gráficos presentan más detalles."
industry.show.occupation,Occupations employed by industry,Ocupaciones demandadas por sector
index.present_head,Charting the present,Mapeando el presente
general.industries,Industries,Sectores
graph_builder.builder_questions.industry,Questions: Industries,Preguntas: Sectores
graph_builder.table.parent,Parent,Grupo
graph_builder.page_title.location.products.similarity,What does the product space look like for {{thisLevel}}?,¿Cómo es el espacio del producto de {{thisLevel}}?
location.model.country,Colombia,Colombia
graph_builder.page_title.location.locations.import_subregions_locations,What subregions contribute to the imports for {{thisLevel}} from {{place}}?,¿Cómo se descomponen por lugar de origen las importaciones de {{thisLevel}} a {{place}}?
graph_builder.view_more,View more,Muestre más
country.show.employment_wage_occupation.copy.p2,"The following graphs present more detailed information on the patterns of formal employment and wages paid based on PILA. Also included is data on vacancies announced and wages offered by occupation, computed from job announcements placed by firms on internet sites in 2014.","Los siguientes gráficos ofrecen información más detallada de los patrones de empleo formal y los salarios pagados según los registros de PILA. También se incluye información de vacantes anunciadas y salarios ofrecidos por ocupación, calculados a partir de los anuncios colocados por empresas en sitios de Internet durante 2014."
graph_builder.settings.change_time,Change time period:,Cambie el período:
search.level.msa,City,Ciudad
graph_builder.multiples.show_all,Show All,Mostrar todo
search.level.4digit,HS four-digit,SA 4-dígitos
downloads.thead_muni,Municipalities,Municipios
downloads.industry_copy,"PILA (the Integrated Report of Social Security Contributions), managed by the Ministry of Health) is the main source of industry data. It contains information on formal employment, wages and number of firms by municipality and industry. Colombia’s industry classification is a modified version of the International Standard Industrial Classification of All Economic Activities (ISIC).","La Planilla Integrada de Aportes Laborales, PILA, del Ministerio de Salud, es la fuente principal de los datos por sector. Contiene información de empleo formal, salarios y número de empresas por municipio y sector. La clasificación sectorial de Colombia es una versión modificada de la Clasificación Sectorial Internacional Uniforme de todas las Actividades Económicas (CIIU)."
graph_builder.builder_mod_header.location.products.export_value,Total exports,Exportaciones totales
index.profiles_head,Start with our profiles,Comience por nuestros perfiles
country.show.industry_complex.copy.p1,"Industry complexity is a measure of the range of capabilities, skills or know-how required by an industry. Industries such as chemicals and machinery are said to be highly complex, because they require a sophisticated level of productive knowledge likely to be present only in large organizations where a number of highly specialized individuals interact. Conversely, industries such as retail trade or restaurants require only a basic level of know-how which may be found at a family-run business. More complex industries pay higher salaries and contribute to raising productivity and income per- capita. Departments and cities with more complex industries have a more diversified industrial base and tend to create more formal employment.","La complejidad productiva es una medida de la amplitud de las capacidades y habilidades –know-how– que se requiere en un sector productivo. Se dice que sectores tales como químicos o maquinaria son altamente complejos porque requieren un nivel sofisticado de conocimientos productivos que solo es factible encontrar en grandes empresas donde interactúa un número de individuos altamente capacitados. En contraste, sectores como el comercio minorista o restaurantes requieren solo niveles básicos de capacitación que pueden encontrarse incluso en una pequeña empresa familiar. Los sectores más complejos son más productivos y contribuyen más a elevar el ingreso per cápita. Los departamentos y ciudades con sectores más complejos tienen una base productiva más diversificada y tienden a crear más empleo formal."
ctas.excel,Excel,Excel
graph_builder.change_graph.similarity_description,Analyze revealed comparative advantages,Presenta las ventajas comparativas reveladas existentes
downloads.industry_head,Industry data (PILA),Datos de sectores productivos (PILA)
graph_builder.table.employment,Employment,Empleo
index.complexity_cta,Read more about complexity,Lea más sobre complejidad
graph_builder.table.industry,Industry,Sector
graph_builder.table.monthly_wages,"Avg. monthly wage, Col$","Salarios promedio, Col$"
graph_builder.change_graph.treemap_description,See composition at different levels,Muestra la descomposición en varios niveles
about.project_description_name,Project Description,¿Qué es Datlas?
index.complexity_subhead,"Countries that export complex products, which require a lot of knowledge, grow faster than those that export raw materials. Researchers at Harvard University have pioneered a way to measure and visualize the complexity of every export and industry in Colombia.","Los países que exportan productos complejos, que requieren una gran cantidad de conocimientos, crecen más rápido que los que exportan materias primas. Usando los métodos de medir y visualizar la complejidad desarrollados por la Universidad de Harvard, Datlas permite entender la complejidad y las posibilidades productivas y de exportación de los departamentos y ciudades colombianas."
graph_builder.page_title.location.industries.wages_avg,What industries in {{thisLevel}} have the highest wages per worker?,¿Qué sectores en {{thisLevel}} pagan los salarios más altos por trabajador?
downloads.thead_departments,Departments,Departamentos
country.show.exports_composition_by_products,Export Composition by Product ({{year}}),Composición de las exportaciones ({{year}})
index.complexity_caption,"How good is it? Country growth predictions using economic complexity were <a href=""http://atlas.cid.harvard.edu/media/atlas/pdf/HarvardMIT_AtlasOfEconomicComplexity.pdf"" class=""link--stream"" target=""_blank"">more than six times as accurate</a> as conventional metrics, such as the World Governance Indicators.","¿Qué tan bueno es? Las predicciones de crecimiento de los países basadas en la complejidad económica son 10 veces más precisas que las basadas en variables convencionales, como los Indicadores de Gobernabilidad Mundial."
graph_builder.change_graph.multiples_description,Compare growth over time,Muestra el crecimiento en varios períodos
location.show.gdp_pc,GDP per Capita,PIB per cápita
location.model.department,department,departamento
graph_builder.page_title.location.industries.wages,What industries in {{thisLevel}} are the largest by total wages?,¿Qué sectores en {{thisLevel}} tienen las mayores nóminas salariales?
country.show.gdp_per_capita," Col $756,152", Col $756.152
graph_builder.page_title.location.locations.export,What countries does {{thisLevel}} export to?,¿A qué países exporta {{thisLevel}}?
location.show.all_departments,Compared to the other departments,Comparación con otros departamentos
graph_builder.search.submit,Highlight,Destacar
location.show.export_possiblities,Export possiblities,Posibilidades de exportación
general.export_and_import,Products,Productos
graph_builder.table.complexity,Complexity,Complejidad
index.profiles_cta,Read the profile for Antioquia,Lea el perfil de Antioquia
graph_builder.builder_mod_header.industry.departments.employment,Total employment,Empleo total
graph_builder.table.rca,Revealed comparative advantage,Ventaja comparativa revelada
graph_builder.builder_mod_header.product.locations.export_value,Total Exports,Exportaciones totales
location.show.employment_and_wages,Employment and wages,Actividad económica formal por sectores
graph_builder.page_title.location.locations.import_product_from,What countries does {{thisLevel}} import {{item}} from?,¿De qué países {{thisLevel}} importa {{item}}?
ctas.share,Share,Compartir
general.geo,Geographic map,Mapa geográfico
country.show.exports_composition_by_department,Export Composition by Department ({{year}}),Composición de las exportaciones por departamento ({{year}})
downloads.cta_download,Download,Descargar
pageheader.search_link,Search,Buscar
graph_builder.table.avg_wage,"Avg. wage, Col$ (in thousands)","Salarios promedio, Col$ (miles de pesos)"
graph_builder.table.employment_growth,Employment growth (2008-2012),El crecimiento del empleo (2008–2012)
index.questions_subhead,But we can answer a lot of questions.,Pero podemos responder muchas preguntas.
graph_builder.page_title.location.products.import_value_from,What products does {{thisLevel}} import from {{place}}?,¿Qué productos importa {{thisLevel}} de {{place}}?
graph_builder.table.occupation,Occupation,Ocupación
country.show.industry_complex.copy.p2,The industry ‘Technological Similarity Space’ shown below is a graphical representation of the similarity between the capabilities and know-how required by pairs of industries. Each dot or node represents an industry; nodes connected by lines require similar capabilities. More connected industries use capabilities that can be deployed in many other industries. Colors represent industry groupings.,El ‘Espacio de Similitud Tecnológica’ que se presenta enseguida es una representación gráfica de la similitud de las capacidades y habilidades entre pares de sectores. Cada punto (o nodo) representa un sector; los nodos conectados por líneas requieren capacidades semejantes. Los sectores con más conexiones usan capacidades que pueden ser utilizadas en muchos otros sectores. Los colores representan grupos de sectores.
index.location_q2,What products have the most potential in Antioquia?,¿Qué exportaciones tienen el mayor potencial en Antioquia?
graph_builder.page_title.location.locations.import_subregions_products_locations,What subregions contribute to the imports of {{item}} for {{thisLevel}} from {{place}}?,¿Cómo se descomponen por lugar de origen las importaciones de {{item}} de {{thisLevel}} a {{place}}?
graph_builder.builder_mod_header.location.industries.employment,Total employment,Empleo total
country.show.exports,Exports,Exportaciones
location.show.exports_and_imports,Exports and imports,Exportaciones e importaciones
about.project_description,"<section class=""stream__section""> <p class=""section__p"">In Colombia, income gaps between regions are huge and have been growing: new job opportunities are increasingly concentrated in the metropolitan areas of Bogotá, Medellín and Cali, as well as a few places where oil and other minerals are extracted. The average income of residents of Bogotá is four times that of Colombians living in the 12 poorest departments.</p> <p class=""section__p"">Prosperia is a diagnostic tool that firms, investors and policymakers can use to improve the productivity of departments, cities and municipalities. It maps the geographical distribution of Colombia’s productive activities and employment by department, metropolitan area and municipality, and identifies exports and industries of potential to increase  economic complexity and accelerate growth.</p> </section> <section class=""stream__section""> <h3 class=""section__head"">About CID, Growth Lab and the Atlas of Economic Complexity</h3> <p class=""section__p"">This project is funded by <a class=""link--stream"" href=""http://www.bancoldex.com/"" target=""_blank"">Bancóldex</a> and <a class=""link--stream"" href=""http://www.fmsd.org.co/"" target=""_blank"">Fundación Mario Santo Domingo</a> and was developed by the <a class=""link--stream"" href=""http://www.hks.harvard.edu/centers/cid"" target=""_blank"">Center for International Development</a> at Harvard University, under the leadership of Professor <a class=""link--stream"" href=""http://ricardohausmann.com/"" target=""_blank"">Ricardo Hausmann</a>.</p> <p class=""section__p"">The Center for International Development (CID) at Harvard University works to advance the understanding of development challenges and offer viable, inclusive solutions to problems of global poverty. CID is Harvard’s leading research hub focusing on resolving the dilemmas of public policy associated with generating stable, shared, and sustainable prosperity in developing countries. The Growth Lab is one of CID’s core research programs. Faculty and fellows work to understand the dynamics of growth and to translate those insights into more effective policymaking in developing countries. The Lab places economic complexity and diversification at the center of the development story and uncovers how countries and cities can move into industries with potential to increase productivity.</p> <p class=""section__p"">Economic Complexity is a measure of the amount of productive capabilities, or knowhow, that a country or a city has. Products are vehicles for knowledge. To make a shirt, one must design it, produce the fabric, cut it, sew it, pack it, market it and distribute it. For a country to produce shirts, it needs people who have expertise in each of these areas. Each of these tasks involves many more capabilities than any one person can master. Only by combining know-how from different people can any one product be made. The road to economic development involves increasing what a society knows how to do. Countries with more productive capabilities can make a greater diversity of products. Economic growth occurs when countries develop the capabilities and productive knowledge to produce more, and more complex, products.</p> <p class=""section__p"">This research has been applied at the international level in an online tool, The Atlas of Economic Complexity. By partnering with Colombia, the lab has been able to investigate export and industry possibilities at the sub-national level.</p> </section> <section class=""stream__section""> <h3 class=""section__head"">Founding Partners</h3> <h4 class=""section__subhead"">Mario Santo Domingo Foundation</h4> <p class=""section__p"">Created in 1953, the Mario Santo Domingo Foundation (FMSD) is a non-profit organization dedicated to implementing community development programs in Colombia. FMSD decided to concentrate its main efforts in the construction of affordable housing within a Community Development Model, named Integral Development of Sustainable Communities (DINCS in its Spanish initials) and designed by the FMSD as a response to the large housing deficit in Colombia. Through this program, the FMSD delivers social support for families, and social infrastructure and urban development for the less privileged. FMSD also supports entrepreneurs in the Northern region of Colombia and in Bogotá through its Microfinance Unit which provides training and financial services such as microcredit. More than 130,000 entrepreneurs have received loans from the Foundation since its launch in 1984. Finally, the FMSD works to identify alliances and synergies between the public and private sectors in critical social development areas such as early childhood, environmental sustainability, disaster attention, education and health.</p> <h4 class=""section__subhead"">Bancóldex</h4> <p class=""section__p"">Bancóldex is the entrepreneurial development bank of Colombia. It is committed to developing financial and non-financial instruments geared to enhance the competitiveness, productivity, growth and internationalization of Colombian enterprises. Leveraging on its unique relational equity and market position, Bancóldex manages financial assets, develops access solutions to financing and deploys innovative capital solutions, to foster and accelerate company growth. Besides offering traditional loans, Bancóldex has been appointed to implement several development program such as iNNpulsa Colombia, iNNpulsa Mipyme, Banca de las Oportunidades, and the Productive Transformation Program, all of them, in an effort to consolidate an integrated offer to promote Colombian business environment and overall competitiveness. The [insert name here] elaborates on the work that Bancóldex has been undertaking through its Productive Transformation Program and <a class=""link--stream"" href=""http://www.innpulsacolombia.com/"" target=""_blank"">INNpulsa Colombia</a> initiatives.</p> </section> <section class=""stream__section""> <h3 class=""section__head"">Contact information</h3> <a class=""link--stream"" href=""mailto:Eduardo_Lora@hks.harvard.edu"" target=""_blank"">Eduardo_Lora@hks.harvard.edu</a> </section> <section class=""stream__section""> <h3 class=""section__head"">Newsletter sign-up CTA</h3> <p class=""section__p"">Sign up for CID’s Research Newsletter to keep up-to-date with related breakthrough research and practical tools, including updates to this site. </p> <a class=""link--stream"" href=""http://www.hks.harvard.edu/centers/cid/news-events/subscribe"" target=""_blank"">http://www.hks.harvard.edu/centers/cid/news-events/subscribe</a> </section>","<section class=""stream__section""><p class=""section__p"">En Colombia, las diferencias de ingresos entre regiones son enormes y han ido creciendo: las nuevas oportunidades de empleo se concentran cada vez más en las áreas metropolitanas de Bogotá, Medellín y Cali, aparte de los lugares donde se extraen petróleo y otros minerales. El ingreso promedio de los residentes de Bogotá es cuatro veces el de los colombianos que viven en los 12 departamentos más pobres.</p><p class=""section__p"">Prosperia es una herramienta de diagnóstico para que las empresas, los inversionistas y las autoridades de gobierno puedan tomar decisiones que ayuden a elevar la productividad. Contiene información por departamento, área metropolitana y municipio sobre actividad productiva, empleo, salarios y exportaciones. Ofrece criterios para identificar los sectores y las exportaciones con potencial de crecimiento con base en la complejidad productiva.</p></section><section class=""stream__section""><h3 class=""section__head"">Acerca de CID, Crecimiento Lab, y el Atlas de la Complejidad Económica</h3><p class=""section__p"">Este proyecto es financiado por <a class=""link--stream"" href=""http://www.bancoldex.com/"" target=""_blank"">Bancóldex</a> y la <a class=""link--stream"" href=""http://www.fmsd.org.co/"" target=""_blank"">Fundación Julio Santo Domingo</a> y ha sido desarrollado por el <a class=""link--stream"" href=""http://www.hks.harvard.edu/centers/cid"" target=""_blank"">Centro para el Desarrollo Internacional</a> de la Universidad de Harvard, bajo la dirección del profesor <a class=""link--stream"" href=""http://ricardohausmann.com/"" target=""_blank"">Ricardo Hausmann</a>.</p><p class=""section__p"">El Centro para el Desarrollo Internacional (CID) de la Universidad de Harvard tiene por objetivos avanzar en la comprensión de los desafíos del desarrollo y ofrecer soluciones viables para reducir la pobreza mundial. El Laboratorio de Crecimiento es uno de los principales programas de investigación del CID.</p><p class=""section__p"">La Complejidad Económica es una medida de las capacidades y conocimientos de los sectores productivos de un país o una ciudad. Para hacer una camisa, hay que diseñarla, producir la tela, cortar, coser, empacar el producto, comercializarlo y distribuirlo. Para que un país pueda producir camisas, necesita personas que tengan experiencia en cada una de estas áreas. Cada una de estas tareas implica muchas más capacidades de las que cualquier persona sola puede dominar. Sólo mediante la combinación de know-how de diferentes personas puede hacerse el producto. El camino hacia el desarrollo económico consiste en aprender a hacer cosas más sofisticadas. Considere el juego de Scrabble como una analogía: el jugador que tiene un mayor número de letras variadas puede hacer más palabras y conseguir más puntos. Los países con una mayor diversidad de capacidades productivas pueden hacer una mayor diversidad de productos. El desarrollo económico ocurre en la medida en que los países amplían su gama de capacidades y conocimientos para producir productos cada vez más complejos.</p><p class=""section__p"">Este enfoque conceptual que ha sido aplicado a nivel internacional en el Atlas de la Complejidad Económica se utiliza ahora en esta herramienta en línea para identificar las posibilidades de exportación y de desarrollo sectorial de los departamentos, las áreas metropolitanas y las ciudades colombianas.</p></section><section class=""stream__section""><h3 class=""section__head"">Founding Partners</h3><h4 class=""section__subhead"">Fundación Mario Santo Domingo</h4><p class=""section__p"">Creada en 1953, la Fundación Mario Santo Domingo (FMSD) es una organización sin fines de lucro dedicada a la implementación de programas de desarrollo comunitario en Colombia. FMSD concentra sus principales esfuerzos en la construcción de viviendas asequibles dentro de un modelo de desarrollo comunitario llamado Desarrollo Integral de Comunidades Sustentables, diseñado por el FMSD como respuesta al gran déficit de vivienda en Colombia. A través de este programa, el FMSD proporciona apoyo social a las familias, así como infraestructura social y urbana para los menos privilegiados. FMSD también contribuye al desarrollo empresarial de la región Norte de Colombia y de Bogotá a través de su Unidad de Microfinanzas, que ofrece capacitación y servicios financieros como el microcrédito. Más de 130.000 empresarios han recibido préstamos de la Fundación desde su lanzamiento en 1984. FMSD también trabaja en identificar alianzas y sinergias entre los sectores público y privado en las áreas de desarrollo social críticos, como la primera infancia, la sostenibilidad ambiental, la atención de desastres, la educación y la salud.</p><h4 class=""section__subhead"">Bancóldex</h4><p class=""section__p"">Bancóldex, el banco de desarrollo empresarial de Colombia, está comprometido con el desarrollo de instrumentos financieros y no financieros orientados a mejorar la competitividad, la productividad, el crecimiento y la internacionalización de las empresas colombianas. Aprovechando su posición de mercado y su capacidad para establecer relaciones empresariales, Bancóldex gestiona activos financieros, desarrolla soluciones de acceso a la financiación y ofrece soluciones de capital innovadoras que fomentan y aceleran el crecimiento empresarial. Además de ofrecer préstamos tradicionales, Bancóldex ha sido designado para ejecutar varios programas de desarrollo tales como el Programa de Transformación Productiva, iNNpulsa Colombia, iNNpulsa Mipyme y la Banca de las Oportunidades. Todos ellos conforman una oferta integrada de servicios para promover el entorno empresarial colombiano y la competitividad. Prosperia es parte del Programa de Transformación Productiva y la iniciativas <a class=""link--stream"" href=""http://www.innpulsacolombia.com/"" target=""_blank"">INNpulsa Colombia</a>.</p></section><section class=""stream__section""><h3 class=""section__head"">Información de contacto</h3><a class=""link--stream"" href=""mailto:Eduardo_Lora@hks.harvard.edu"">Eduardo_Lora@hks.harvard.edu</a></section><section class=""stream__section""><h3 class=""section__head"">TKTKTK</h3><p class=""section__p"">Inscríbase al <a class=""link--stream"" href=""http://www.hks.harvard.edu/centers/cid/news-events/subscribe"" target=""_blank"">Boletín de Estudios del CID</a> para mantenerse al día con los avances de la investigación y las herramientas prácticas en temas relacionados con la complejidad.</p></section>"
graph_builder.builder_mod_header.industry.departments.wage_avg,"Average wages, Col$","Salarios promedio, Col$"
graph_builder.page_title.location.locations.import_subregions_products,What subregions contribute to the imports of {{item}} for {{thisLevel}}?,¿Cómo se descomponen por lugar de origen las importaciones de {{item}} de {{thisLevel}}?
index.builder_head,Then dive into the graph builder,Luego vaya al graficador 
graph_builder.page_title.location.products.export_value,What products does {{thisLevel}} export?,¿Qué exporta {{thisLevel}}?
graph_builder.table.year,Year,Año
location.show.bullet.last_pop,The population is {{lastPop}} of Colombia's 45.8 M,"La población es {{lastPop}} de personas, frente a 45,8 mill de personas en todo el país  (año 2013)."
graph_builder.table.num_vacancies,Vacancies,Vacantes
graph_builder.page_title.location.products.export_value_to,What products does {{thisLevel}} export to {{place}}?,¿Qué productos exporta {{thisLevel}} de {{place}}?
country.show.economic_structure.copy.p2,"Business and financial services contribute 18.8% of GDP, making it the largest industry, followed by governmental, communal and personal services (16.5%) and manufacturing activities (11.2%). Bogotá D.C., Antioquia and Valle del Cauca represent nearly half of economic activity, contributing 24.7, 13.1 and 9.2% to total GDP, respectively. However, two oil-producing departments – Casanare and Meta – boast the highest GDP per capita. The following graphs provide more details.","Los servicios empresariales y financieros son el sector más grande, con una contribución al PIB de 18,8%, seguidos por los servicios de gobierno, sociales y personales (16,5%) y las actividades manufactureras (11,2%). Bogotá D.C., Antioquia y el Valle del Cauca concentran aproximadamente la mitad de la actividad productiva, con participaciones en el PIB de 24,7, 13,1 y 9,2%, respectivamente. Sin embargo, los departamentos con más alto PIB per cápita son Casanare y Meta, ambos importantes productores de petróleo. Los gráficos siguientes presentan más detalles."
industry.show.employment_growth,Employment growth (2008-2013),Crecimiento del empleo (2008-2013)
downloads.other_copy,DANE (the National Statistical Office) is the source of all data on GDP and population.,"El Departamento Administrativo Nacional de Estadística, DANE,  es la fuente de todos los datos sobre el PIB y la población."
graph_builder.builder_questions.product,Questions: Products,Preguntas: Productos de exportación
graph_builder.change_graph.unavailable,Graph is unavailable for this question,Este gráfico no está disponible para esta pregunta
graph_builder.page_title.location.locations.export_subregions_products_locations, What subregions contribute to the exports of {{item}} from {{thisLevel}} to {{place}}?,¿Cómo se descomponen por lugar de origen las exportaciones de {{item}} de {{thisLevel}} a {{place}}?
graph_builder.page_title.product.cities.export_value,What cities in Colombia export this product?,
index.header_subhead,"Visualize the possibilities for industries, exports and locations across Colombia.","Visualice las posibilidades de cualquier sector, cualquier producto de exportación o cualquier lugar en Colombia."
country.show.employment_wage_occupation.copy.p1,"In 2014, approximately 21.6 million Colombians were occupied in either a formal or an informal job, increasing slightly over 2013, at 21.1 million. The registries of the PILA, which cover the universe of workers who make contributions to the social security system, indicate that 13.3 million workers were occupied for some period in a formal job in 2013. Taking into account the number of months occupied, the effective number of year-round workers in the formal sector in 2013 was 6.7 million. Bogotá DC, Antioquia and Valle del Cauca generate, respectively 32.7, 16.7, and 10.7% of (effective) formal employment.","En 2014, aproximadamente 21,6 millones de personas fueron ocupadas en empleos formales o informales, con un leve aumento respecto al año anterior (21,1  millones). Los registros de la PILA, que cubren el universo de los trabajadores que hacen contribuciones al sistema de seguridad social, indican que 13,3 millones de personas estuvieron ocupadas en algún momento en empleos formales en 2013. Teniendo en cuenta el número de meses empleados, el número efectivo de trabajadores-año en el sector formal en 2013 fue 6,7 millones. Bogotá DC, Antioquia y el Valle del Cauca generan, respectivamente 32,7, 16,7, and 10,7% del empleo formal (efectivo)."
index.industry_q1,Where in Colombia does the insurance industry employ the most people?,¿Dónde emplea más gente el sector de seguros en Colombia?
search.level.municipality,Municipality,Municipio
graph_builder.settings.label,Settings,Configuración
location.show.growth_annual,"Growth, annual ({{yearRange}})",Tendencia ({{yearRange}})
downloads.thead_national,National,Nacional
search.header,results,resultados
index.product_q1,What places in Colombia export bananas?,¿Qué lugares de Colombia exportan café?
location.show.population,Population,Población
graph_builder.builder_nav.intro,"Select a question to see the corresponding graph. If the question has missing parameters ({{icon}}) , you’ll fill those in when you click.","Seleccione una pregunta para ver el gráfico correspondiente. Si en la pregunta faltan parámetros ({{icon}}), los podrá llenar cuando haga click."
graph_builder.settings.close_settings,Save and close,Archive y cierre
index.complexity_figure.WEF_name,WEF competitiveness ranking,Foro Económico Mundial índice de competitividad global
index.complexity_figure.complexity_name,Complexity ranking,Índice de complejidad económica
graph_builder.settings.to,to,a
index.location_head,Learn about a location,Aprenda sobre un lugar
index.builder_subhead,Create graphs and maps for your presentations,Haga sus propios gráficos y mapas
pageheader.brand_slogan,Using data to keep Colombia competitive,Utilizando datos para mantener Colombia competitiva
search.results_locations,Locations,Lugares
ctas.embed,Embed,Insertar
downloads.trade_copy,"The source of all data on exports and imports by department and municipality is DIAN’s Customs Data (DIAN is the National Tax and Customs Authority). It may not correspond to official export/import data because some transactions were not included due to lack of information on the industry of the exporter and/or the municipality or department of origin (or destination) of the export (or import). Colombian Customs data use a modified version of the Harmonized System (HS) classification, which is compatible with the International Standard Industrial Classification of All Economic Activities (ISIC).","La fuente de todos los datos sobre las exportaciones e importaciones por departamento y municipio es la Dirección de Impuestos y Aduanas Nacionales, DIAN. Puede que no correspondan a los totales oficiales de exportación / importación, porque algunas transacciones no fueron incluidos debido a la falta de información sobre el sector del exportador y/o el departamento o municipio de origen (o destino) de la exportación (o importación). El sistema arancelario colombiano es una versión modificada de la clasificación internacional del Sistema Armonizado (SA), compatible con la Clasificación Sectorial Internacional Uniforme de todas las Actividades Económicas (CIIU)."
index.profiles_subhead,"Just the essentials, presented as a one-page summary","Sólo lo esencial, en un resumen de una página"
industry.show.employment,Employment ({{year}}),Empleo ({{year}})
index.product_q2,What places in Colombia import computers?,¿Qué lugares de Colombia importan computadores?
graph_builder.table.code,Code,Código
search.placeholder,Type here to search,Escriba aquí para buscar lo que quiere
graph_builder.page_title.industry.occupations.num_vacancies,What occupations does this industry employ?,¿Qué ocupaciones demanda este sector?
graph_builder.table.average_wages,"Avg. wage, Col$ (in thousands)","Salarios promedio, Col$ (miles de pesos)"
graph_builder.builder_mod_header.location.products.similarity,Complexity and opportunity,Complejidad y valor estratégico
downloads.thead_met,Cities,Ciudades
graph_builder.builder_mod_header.industry.departments.wages,"Total wages, Col$","Salarios totales, Col$"
graph_builder.table.num_establishments,Firms,Empresas
graph_builder.builder_mod_header.industry.locations.wage_avg,"Average wages, Col$","Salarios promedio, Col$"
downloads.trade_row_1,"Exports, imports and complexity (2008–2013)","Exportaciones, importaciones y indicadores de complejidad (2008-2013)"
industry.show.occupation_demand,"Occupations employed, 2013","Ocupaciones más demandadas, 2013"
graph_builder.change_graph.scatter_description,Plot complexity and distance,Muestra la complejidad y la distancia 
location.show.value,Value,Valor
location.show.total_wages,Total wages ({{lastYear}}),Salarios totales pagados ({{lastYear}})
general.multiples,Area charts,Gráficos de áreas
general.glossary,Glossary,Glosario
graph_builder.table.distance,Distance,Distancia
country.show.product_space,Product Space,Espacio del producto
graph_builder.change_graph.label,Graphs,Gráficos
ctas.twitter,Twitter,Twitter
downloads.occupations_copy,"All data on occupations (entry wage levels by occupation and location, and occupational structure by industry) come from job vacancy announcements placed by firms in public and private Internet job sites during 2014. Occupations are classified according to the Occupational Information Network Numerical Index (ONET). The data were processed by Jeisson Arley Cárdenas Rubio, researcher of Universidad del Rosario, Bogotá, and Jaime Mauricio Montaña Doncel, Masters student at the Paris School of Economics.","Todos los datos sobre las ocupaciones (niveles salariales de entrada por ocupación y lugar, y estructura ocupacional por sector) provienen de los anuncios de vacantes de empleo colocados por las empresas en los sitios de empleo de Internet públicos y privados durante 2014. Las ocupaciones se clasifican de acuerdo con el Índice Numérico de la Red Ocupacional (ONET). Los datos fueron procesados ​​por Jeisson Arley Rubio Cárdenas, investigador de la Universidad del Rosario, Bogotá, y Jaime Mauricio Montaña Doncel, estudiante de maestría en la Escuela de Economía de París."
search.results_products,Products,Productos
country.show.population,48.1 million,"48,1 millones"
industry.show.industries,Industries,Sectores
index.questions_head,We’re not a crystal ball,No somos una bola de cristal
downloads.industry_row_1,"Employment, wages, firms and complexity (2008–2013)","Empleo, salarios, firmas y indicadores de complejidad productiva (2008-2013)"
search.level.department,Department,Departamento
location.show.gdp,GDP,PIB
location.model.msa,city,ciudad
index.present_subhead,"Use our treemaps to break down your department, city or municipality’s exports and employment",Utilice nuestros diagramas para ver la descomposición de las exportaciones o del empleo formal de su departamento o su ciudad.
graph_builder.builder_mod_header.product.locations.import_value,Total Imports,Importaciones totales
index.research_head,Research featured in,Investigación mencionada en
location.model.municipality,municipality,municipio
industry.show.avg_wages,Average wages ({{year}}),Salarios promedio ({{year}})
about.glossary,"<h3 class=""section__head"">Complexity</h3> <p class=""section__p"">The concept of complexity is central to Prospedia because the routes to the prosperity of a society depend on firms to successfully produce and export goods and services that require skills and knowledge that are diverse and unique. Complexity can be measured by location (see <a class=""link--stream"" href=""#economic-complexity-index"">Economic Complexity Index</a>), by industry (see <a class=""link--stream"" href=""#industry-complexity-index"">Industry Complexity Index</a>) or by export product (see <a class=""link--stream"" href=""#product-complexity-index"">Product Complexity Index</a>).</p> <h3 class=""section__head"">Complexity Outlook</h3> <p class=""section__p"">Ranks the potential for a location to increase its complexity. The ranking accounts for the level of complexity of the industries (or exports) along with the distance of how close the productive capabilities that these products require are to its current industries (or exports). In effect, it measures the likelihood of different industries (or exports) appearing and the value of their added complexity. Higher outlook values indicate “closer distance” to more, and more complex, industries (or exports).</p> <h3 class=""section__head"">Distance</h3> <p class=""section__p"">A measure of a location’s ability to enter a specific industry or export, as determined by its current productive capabilities. Also known as a capability distance, the measure accounts for the similarity between the capabilities required by an industry or export and the capabilities already present in a location’s industries or exports. Where a new industry or export requires many of the same capabilities already present in a location’s industries or exports, the product is considered “closer” or of a shorter “distance” to acquire the missing capabilities to produce it. New industries or exports of a further distance require larger sets of productive capabilities that do not exist in the location and are therefore riskier ventures or less likely to be sustained. Thus, distance reflects the proportion of the productive knowledge necessary for an industry or export that a location does not have. This is measured by the proximity between industries or exports, or the probability that two industries or exports will both be present in a location, as embodied by the industry space and product space, respectively.</p> <h3 class=""section__head"" id=""economic-complexity-index"">Economic Complexity Index (ECI)</h3> <p class=""section__p"">A measure of the sophistication of the productive capabilities of a location based on the diversity and exclusivity of its industries or exports. A location with high complexity produces or exports goods and services that few other locations produce. Highly complex locations tend to be more productive and generate higher wages and incomes. Countries with export baskets more sophisticated than what is expected for their income level (such as China) tend to grow faster than those where the opposite is true (such as Greece).</p> <h3 class=""section__head"" id=""industry-complexity-index"">Industry Complexity Index (ICI)</h3> <p class=""section__p"">Ranks industries by the amount of productive capabilities required to operate. The complexity of industries and exports are closely related, but are measured through independent datasets and classification systems as exports are limited to only tradable sectors, while industries comprise all sectors that generate employment, including the public sector. Industries are complex when they require a sophisticated level of productive knowledge, such as many financial services and pharmaceutical industries, with many individuals with distinct specialized knowledge interacting in a large organization. Complexity of the industry is measured by calculating the average diversity of locations that hold the industry and the average ubiquity of the industries that those locations hold. The formal employment data required for these calculations comes from the PILA dataset held by the Ministry of Health.</p> <h3 class=""section__head"">Formal employment and wages, and formal employment rate</h3> <p class=""section__p"">Formal employment is defined as employment covered by the health social security system and/or the pension system. Formal wages are those reported by firms to that aim. The formality rate is the share of population 15 or older that has formal employment. Employment and wage data are taken from PILA. Population data comes from DANE.</p> <h3 class=""section__head"">Industry similarity space</h3> <p class=""section__p"">A visualization that depicts how similar/dissimilar the productive knowledge requirements are between industries. Each dot represents an industry and each link between a pair of industries indicates that they require similar productive capabilities to operate. The space illustrates what industries a location currently has a presence in, and which industries are of a “closer distance” or require similar capabilities to those existing and are therefore more likely to be successful. The space presents potential paths for industrial expansion by understanding how capabilities are shared across industries. Thus, industries can be understood by the number of links they share with other products and the complexity of those products. A product with more links offers greater potential for diversification across shared capabilities. Thus the number of links that existing industries share to untapped, complex industries determines its complexity outlook. The Colombian industry similarity space is based on formal employment data by industry and municipality from the PILA dataset of the Ministry of Health.</p> <h3 class=""section__head"">Metropolitan areas and cities</h3> <p class=""section__p"">A metropolitan area is a combination of two or more municipalities that are connected through relatively large commuting flows (irrespective of their size or contiguity). A municipality must send at least 10% of its workers as daily commuters to the rest of the metropolitan area municipalities to be included. </p> <p class=""section__p"">Based on this definition there are 19 metropolitan areas in Colombia, which comprise 115 municipalities. The resulting metro areas, which are distinct from official measures except in Medellín’s Valle de Aburrá, are computed with the methodology of Duranton and Giles (2013): “Delineating metropolitan areas: Measuring spatial labour market networks through commuting patterns.” Wharton School, University of Pennsylvania.</p> <p class=""section__p"">In addition to the metropolitan areas there are other 43 cities in Colombia, defined as municipalities with population over 50,000, with at least 75% of the population in the main urban area.</p> <h3 class=""section__head"" id=""product-complexity-index"">Product Complexity Index (PCI)</h3> <p class=""section__p"">Ranks export products by the amount of productive capabilities required to manufacture them. A product such as toothpaste is much more than paste in a tube, as it embeds the tacit productive knowledge (or knowhow) of the chemicals that kill the germs that cause cavities and gum disease. Complex exports, which include many chemical and machinery products, require a sophisticated level, and diverse base, of productive knowledge, with many individuals with distinct specialized knowledge interacting in a large organization. This contrasts with low complexity exports, like coffee, which require much less basic productive knowledge that can be found in a family-run business. <a class=""link--stream"" href=""http://comtrade.un.org/"" target=""_blank"">UN Comtrade</a> data are used to compute the complexity of export products.</p> <h3 class=""section__head"">Product similarity space</h3> <p class=""section__p"">A visualization that depicts how similar/dissimilar the productive knowledge requirements are between export products. Each dot represents a product and each link between a pair of products indicates that the two products require similar capabilities in their production. By depicting the similarity in productive capabilities across products, the product similarity space illustrates for a location what it currently produces, which products are “closer” or of a shorter distance in sharing similar capabilities to those currently existing and are therefore more likely to be successful. The space presents potential paths for industrial expansion by understanding how capabilities are shared across products, where products differ in the number of links and their distance to more complex products. A product with more links offers greater potential for diversification across shared capabilities. Thus the number of links that existing products share to complex products that a location does not currently produce determines the complexity outlook of its exports.</p> <p class=""section__p"">The shape of the space is based on international trade data for 192 countries over 50 years. See <a class=""link--stream"" href=""http://atlas.cid.harvard.edu/"" target=""_blank""> The International Atlas of Economic Complexity.</a></p> <h3 class=""section__head"">Strategic Value</h3> <p class=""section__p"">Measures how much a location could benefit by developing a particular industry (or export). Also known also as “opportunity gain,” the measure accounts for the distance to all other industries (or exports) that a location does not currently produce and their respective complexity. Strategic gain quantifies how a new industry (or export) can open up links to more, and more complex, products. Thus, the measure calculates the strategic value of an industry (or export) based on the paths it opens to industrial expansion into more complex sectors.</p> <h3 class=""section__head"">Revealed Comparative Advantage (RCA)</h3> <p class=""section__p"">Measures the relative size of an industry or an export product in a location. RCA is not a measure of productive efficiency or competitiveness, but just a “location quotient”, as is often referred to. RCA is computed as the ratio between an industry’s share of total formal employment in a location and the share of that industry’s total formal employment in the country. For exports, RCA is the ratio between the share of the export in the export basket of the location and its share in total world trade. If this ratio is larger than 1, the location is said to have revealed comparative advantage in the industry or export.</p>","<h3 class=""section__head"" id=""product-complexity-index"">Áreas metropolitanas y ciudades</h3> <p class=""section__p"">Un área metropolitana es la combinación de dos o más municipios que están conectados a través de flujos relativamente grandes de trabajadores (con independencia de su tamaño o contigüidad). Un municipio debe enviar al menos un 10% de sus trabajadores como viajeros diarios al resto de los municipios del área metropolitana para considerarse como parte de dicha área.</p> <p class=""section__p"">Con base en esta definición hay 19 áreas metropolitanas en Colombia, que comprenden 115 municipios. Las áreas metropolitanas resultantes son distintas de las oficiales (excepto en el caso del Valle de Aburrá, el área metropolitana de Medellín). Se sigue la metodología de Duranton y Giles ( 2013): “Delineating metropolitan areas: Measuring spatial labour market networks through commuting patterns.” Wharton School, University of Pennsylvania.</p> <p class=""section__p"">Aparte de las áreas metropolitanas, hay otras 43 ciudades en Colombia, definidas como municipios con más de 50.000 habitantes, con al menos 75% de la población en la principal zona urbana (cabecera).</p> <h3 class=""section__head"" id=""product-complexity-index"">Complejidad </h3> <p class=""section__p"">El concepto de complejidad es central en Prospedia porque las rutas hacia la prosperidad de una sociedad dependen de que las empresas puedan producir y exportar con éxito bienes y servicios que requieren capacidades y conocimientos más complejos, es decir más diversos y exclusivos. La complejidad puede medirse para un lugar (véase <a class=""link--stream"" href=""#economic-complexity-index"">Índice de Complejidad Económica, ICE</a>), para un producto de exportación (véase <a class=""link--stream"" href=""#economic-complexity-index"">Índice de Complejidad del Producto, ICP</a>), o para un sector (véase <a class=""link--stream"" href=""#economic-complexity-index"">Índice de Complejidad Sectorial, ICS</a>).</p> <h3 class=""section__head"" id=""product-complexity-index"">Complejidad potencial de un lugar</h3> <p class=""section__p"">Mide el potencial de aumento de la complejidad de un lugar. Tiene en cuenta el nivel de complejidad de todos los sectores productivos (o productos de exportación),  junto con la “distancia”  a los demás sectores (o productos). Con esta información mide la probabilidad de que aparezcan nuevos sectores (o exportaciones) y qué tanto elevarían la complejidad del lugar. Valores más altos indican que es más probable desarrollar nuevos sectores (o productos) más complejos que los que ya se tienen.</p> <h3 class=""section__head"" id=""product-complexity-index"">Distancia a un sector o exportación en un lugar</h3> <p class=""section__p"">La “distancia” es una medida de la capacidad de un lugar para desarrollar un sector o una exportación específica, teniendo en cuenta las capacidades productivas existentes. La “distancia” es menor en la medida en que las capacidades requeridas por un sector o exportación son más similares a las ya existentes. En esa medida serán mayores las posibilidades de que desarrolle con éxito el sector o exportación. Visto de otra forma, la distancia refleja la proporción del conocimiento productivo que se necesita para que aparezca un sector o exportación que aún no existe en el lugar.</p> <h3 class=""section__head"" id=""product-complexity-index"">Empleo, salarios y tasa de empleo formal</h3> <p class=""section__p"">El empleo formal es aquel que está cubierto por el sistema de seguridad social en salud y/o por el sistema de pensiones. Los salarios formales son los salarios declarados por las empresas como base para ese propósito. La tasa de formalidad es la proporción de la población mayor de 15 años del lugar que tiene un empleo formal. Los datos de empleo y salarios provienen de la PILA del Ministerio de Salud. Los datos de población son del DANE.</p> <h3 class=""section__head"" id=""product-complexity-index"">Índice de Complejidad del Producto (ICP)</h3> <p class=""section__p"">Ordena los productos de exportación según qué tantas capacidades productivas se requieren para su fabricación. Un producto como pasta de dientes es mucho más que pasta en un tubo, ya que incorpora tácitamente el conocimiento que se necesita para producir los agentes químicos que matan los gérmenes que causan caries y enfermedad de las encías. Productos complejos de exportación, tales como químicos y maquinaria, requieren un nivel sofisticado y diverso de conocimientos que sólo se consigue con la interacción en empresas de muchos individuos con conocimientos especializados. Esto contrasta con las exportaciones de baja complejidad, como el café, que requieren apenas conocimientos productivos básicos que se pueden reunir en una empresa familiar. Para calcular la complejidad de los productos de exportación se utilizan datos de <a class=""link--stream"" href=""http://comtrade.un.org/"" target=""_blank"">Comtrade de las Naciones Unidas</a> para cerca de 200 países.</p> <h3 class=""section__head"" id=""product-complexity-index"">Índice de Complejidad Económica (ICE)</h3> <p class=""section__p"">Una medida de la sofisticación de las capacidades productivas de un lugar basada en la diversidad y la exclusividad de sus sectores productivos o sus exportaciones. Un lugar con alta complejidad produce o exporta bienes y servicios que pocos otros lugares producen. Lugares altamente complejos tienden a ser más productivos y a generar mayores salarios e ingresos. Los países con canastas de exportación más sofisticadas de lo que se espera para su nivel de ingresos (como China) tienden a crecer más rápido que aquellos en los que es todo lo contrario (como Grecia).</p> <h3 class=""section__head"" id=""product-complexity-index"">Índice de Complejidad Sectorial (ICS)</h3> <p class=""section__p"">Ordena los sectores productivos del país según qué tantas capacidades productivas requieren para operar. La complejidad de los sectores y de las exportaciones son medidas estrechamente relacionadas, pero se calculan en forma separada con datos y sistemas de clasificación independientes, ya que las exportaciones se limitan a mercancías comercializables internacionalmente, mientras que los sectores productivos comprenden todos los sectores que generan empleo, incluidos todos los servicios y el sector público. Un sector es complejo si requiere un nivel sofisticado de conocimientos productivos, como los servicios financieros y los sectores farmacéuticas, en donde trabajan en grandes empresas muchos individuos con conocimientos especializados distintos. La complejidad de un sector se mide calculando la diversidad promedio de los lugares donde existe el sector y la ubicuidad promedio de los sectores de esos lugares. Los datos de empleo formal necesarios para estos cálculos provienen de la PILA del Ministerio de Salud.</p> <h3 class=""section__head"" id=""product-complexity-index"">Mapa de similitud de productos de exportación</h3> <p class=""section__p"">Una visualización que muestra que tan similares son los conocimientos requeridos para la exportación de unos productos y otros. Cada punto representa un producto de exportación y cada enlace entre un par de productos indica que requieren capacidades productivas similares. Cuando se selecciona un lugar, el mapa destaca los productos que ya se exportan y aquéllos que, por requerir capacidades productivas semejantes, podrían exportarse exitosamente. El mapa presenta caminos potenciales para la diversificación de las exportaciones a partir de los conocimientos y capacidades existentes. Un producto con más enlaces con otros que no se exportan ofrece mayor potencial para la diversificación exportadora a través de las capacidades compartidas. Y si esas capacidades son complejas, el producto tiene un alto potencial para elevar la complejidad del lugar. <p class=""section__p"">El mapa de similitud de los productos se basa en los datos de comercio internacional de 192 países en más de 50 años. Ver <a class=""link--stream"" href=""http://atlas.cid.harvard.edu/"" target=""_blank"">http://atlas.cid.harvard.edu/.</a></p> <h3 class=""section__head"" id=""product-complexity-index"">Mapa de similitud de los sectores productivos de Colombia</h3> <p class=""section__p"">Una visualización que muestra que tan similares son los conocimientos requeridos por unos sectores u otros. Cada punto representa un sector y cada enlace entre un par de sectores indica que requieren capacidades productivas similares. Cuando se selecciona un lugar, el mapa destaca los sectores que ya existen en el lugar y aquéllos que, por requerir capacidades productivas semejantes, podrían surgir exitosamente. El mapa presenta rutas potenciales para la expansión sectorial a partir de los conocimientos y capacidades existentes. Un sector con más enlaces con sectores que no existen ofrece mayor potencial para la diversificación productiva a través de las capacidades compartidas. Y si esas capacidades son complejas, el sector tiene un alto potencial para elevar la complejidad del lugar. El mapa de los sectores productivos de Colombia fue construido a partir de la información de empleo formal por municipio de la PILA del Ministerio de Salud.</p> <h3 class=""section__head"" id=""product-complexity-index"">Valor estratégico de un sector o una exportación para un lugar</h3> <p class=""section__p"">Capta en qué medida un lugar podría beneficiarse mediante el desarrollo de un sector en particular (o un producto de exportación). También conocida como ""ganancia de oportunidad"", esta medida representa la distancia a todos los otros sectores (o exportaciones) que un lugar no produce actualmente y su respectiva complejidad. Refleja cómo un nuevo sector (o exportación) puede abrir paso a otros sectores o productos más complejos.</p> <h3 class=""section__head"" id=""product-complexity-index"">Ventaja Comparativa Revelada (VCR) de un sector o una exportación en un lugar</h3> <p class=""section__p"">Mide el tamaño relativo de un sector o un producto de exportación en un lugar. La VCR, que no debe interpretarse como un indicador de eficiencia productiva o de competitividad, se conoce también por el nombre de ""cociente de localización”. Se calcula como el cociente entre la participación del empleo formal de un sector en el lugar y la participación del empleo formal total del mismo sector en todo el país. Para una exportación es la relación entre el peso que tiene el producto en la canasta de exportación del lugar y el peso que tiene en el comercio mundial. Si esta relación es mayor que 1, se dice que el lugar tiene ventaja comparativa revelada en el sector o en la exportación.</p>"
graph_builder.table.import_value,"Imports, USD","Importaciones, USD"
graph_builder.questions.label,Change question,Cambiar pregunta
country.show.dotplot-column,Departments Across Colombia,Departamentos de Colombia
graph_builder.builder_mod_header.location.products.import_value,Total imports,Importaciones totales
location.show.employment,Employment ({{lastYear}}),Empleo total ({{lastYear}})
downloads.head,Download the data,Descargar los datos
location.show.export_possiblities.footer,Note that the list is dynamically generated.  Not all exports may make sense given local conditions not captured in our measure of product similarity.,Los productos indicados pueden no ser viables debido a condiciones del lugar que no se consideran en el análisis de similitud tecnológica.
search.level.country,Country,País
index.future_subhead,Find the untapped markets best suited to your location,Encuentre qué exportaciones o sectores productivos tienen las mejores posibilidades en su departamento o ciudad.
graph_builder.table.cog,Opportunity gain,Complejidad potencial
graph_builder.builder_mod_header.industry.occupations.num_vacancies,Total vacancies,Total de vacantes
graph_builder.table.location,Location,Lugar
ctas.pdf,PDF,PDF
industry.show.industry_composition,"Industry composition, 2013",Composición de la industria (2013)
general.industry,industry,sector
search.results_industries,Industries,Sectores
graph_builder.builder_mod_header.location.products.scatter,Complexity and opportunity,Complejidad y valor estratégico
search.didnt_find,Didn’t find what you were looking for? Let us know: eduardo_lora@hks.harvard.edu,¿Encontró lo que buscaba? Nos interesa saber: eduardo_lora@hks.harvard.edu
graph_builder.page_title.product.locations.export_value,What places in Colombia export this product?,¿Qué lugares en Colombia exportan este producto?
